<step title="BackgroundTrace" date="2026-02-17T20:33:05.715" instance="90145b" url="/api/zipdeploy" method="POST" >
  <step title="Creating temporary deployment - FetchDeploymentManager" date="2026-02-17T20:33:05.797" /><!-- duration: 1ms -->
  <step title="Creating temporary deployment" date="2026-02-17T20:33:05.801" /><!-- duration: 61ms -->
  <step title="Performing fetch based deployment" date="2026-02-17T20:33:05.893" >
    <step title="Cleaning up temp folders from previous zip deployments and extracting pushed zip file /tmp/zipdeploy/aa7dfbd7-d8b9-44e5-b4c0-8fe3d6745268.zip (0.07 MB) to /tmp/zipdeploy/extracted" date="2026-02-17T20:33:07.022" >
      <step title="ChmodRecursive Process exited with total time taken in ms: 122" date="2026-02-17T20:33:07.255" /><!-- duration: 2ms -->
    </step><!-- duration: 239ms -->
    <step title="Deployment timer started" date="2026-02-17T20:33:09.267" >
      <step title="DeploymentManager.Deploy(id:2a59f216-5519-4b28-8cb3-ed26c0afa7a4)" date="2026-02-17T20:33:09.277" >
        <step title="Collecting changeset information" date="2026-02-17T20:33:09.295" /><!-- duration: 62ms -->
        <step title="Updating submodules" date="2026-02-17T20:33:09.362" /><!-- duration: 1101ms -->
        <step title="Determining deployment builder" date="2026-02-17T20:33:10.647" >
          <step title="Builder is OryxBuilder" date="2026-02-17T20:33:10.654" /><!-- duration: 3ms -->
        </step><!-- duration: 15ms -->
        <step title="PreDeployment: context.CleanOutputPath False" date="2026-02-17T20:33:10.702" >
          <step title="PreDeployment: context.OutputPath /home/site/wwwroot" date="2026-02-17T20:33:10.837" >
            <step title="Building" date="2026-02-17T20:33:10.953" >
              <step title="Executing external process" date="2026-02-17T20:33:11.199" type="process" path="bash" arguments="-c &quot;oryx build /tmp/zipdeploy/extracted -o /home/site/wwwroot --platform python --platform-version 3.11 -p virtualenv_name=antenv --log-file /tmp/build-debug.log  -i /tmp/8de6e63c441c285 --compress-destination-dir | tee /tmp/oryx-build.log ; exit $PIPESTATUS &quot;" /><!-- duration: 46375ms -->
              <step title="Using PythonDeploymentLogParser" date="2026-02-17T20:33:58.007" /><!-- duration: 2ms -->
              <step title="Triggering recycle (preview mode disabled)." date="2026-02-17T20:33:58.995" /><!-- duration: 3ms -->
              <step title="Modified file to trigger a restart of the app container." date="2026-02-17T20:33:59.018" /><!-- duration: 2ms -->
              <step title="Skip function trigger and logicapp sync because function is not enabled." date="2026-02-17T20:33:59.030" /><!-- duration: 2ms -->
            </step><!-- duration: 48806ms -->
          </step><!-- duration: 48925ms -->
          <step title="Cleaning up temp files" date="2026-02-17T20:33:59.764" /><!-- duration: 99ms -->
          <step title="Cleaning up temp files" date="2026-02-17T20:33:59.866" /><!-- duration: 509ms -->
          <step title="Reloading status file with latest updates" date="2026-02-17T20:34:00.412" >
            <step title="WebHooksManager.PublishEventAsync: PostDeployment" date="2026-02-17T20:34:00.416" /><!-- duration: 48ms -->
          </step><!-- duration: 55ms -->
          <step title="Cleaning up temporary deployment - fetch deployment was successful" date="2026-02-17T20:34:00.473" /><!-- duration: 2ms -->
        </step><!-- duration: 49903ms -->
      </step><!-- duration: 51343ms -->
