<step title="Incoming Request" date="2026-02-17T20:43:15.674" instance="90145b" url="/api/zipdeploy?isAsync=true" method="POST" type="request" pid="768,1,5" Accept="*/*" Host="trmpythonback-mx.scm.azurewebsites.net" User-Agent="AZURECLI/2.79.0 (MSI)" Accept-Encoding="gzip, deflate" Authorization="Bea..." Cache-Control="no-cache" Content-Type="application/octet-stream" Content-Length="158317" x-ms-client-request-id="307a9555-0c41-11f1-9fb0-00090faa0001" x-ms-artifact-checksum="bffbe50dda95e150e9111b1960cec93e0ea754e91e041a29f2df9f397c724605" X-ARR-LOG-ID="307a9555-0c41-11f1-9fb0-00090faa0001" CLIENT-IP="181.49.36.50:52116" X-SITE-DEPLOYMENT-ID="trmpythonback-mx" WAS-DEFAULT-HOSTNAME="trmpythonback-mx.scm.azurewebsites.net" X-Forwarded-Proto="https" X-AppService-Proto="https" X-Forwarded-TlsVersion="1.3" X-WAWS-Unencoded-URL="/api/zipdeploy?isAsync=true" X-Client-IP="181.49.36.50" X-Client-Port="52116" >
  <step title="ZipPushDeploy" date="2026-02-17T20:43:16.072" >
    <step title="ZipDeploy. Extract zip. Remote build." date="2026-02-17T20:43:16.077" /><!-- duration: 4ms -->
    <step title="None repository commit" date="2026-02-17T20:43:16.086" >
      <step title="Commit id: dcf2bc90-3fc5-452d-be65-69966d99458b" date="2026-02-17T20:43:16.088" Message="N/A" AuthorName="N/A" AuthorEmail="N/A" /><!-- duration: 2ms -->
    </step><!-- duration: 6ms -->
    <step title="Starting PushDeployAsync" date="2026-02-17T20:43:16.094" /><!-- duration: 2ms -->
    <step title="Writing artifact to /tmp/zipdeploy/713b5c91-d131-4295-87b3-72c10de82979.zip" date="2026-02-17T20:43:16.109" >
      <step title="Writing multipart request body to /tmp/zipdeploy/713b5c91-d131-4295-87b3-72c10de82979.zip" date="2026-02-17T20:43:16.112" /><!-- duration: 5ms -->
    </step><!-- duration: 24ms -->
    <step title="Removing previous build artifact&apos;s manifest file" date="2026-02-17T20:43:16.139" >
      <step title="Start deployment in the background" date="2026-02-17T20:43:16.157" >
        <step title="Acquiring Deployment Lock" date="2026-02-17T20:43:16.167" /><!-- duration: 3ms -->
        <step title="Acquired Deployment Lock" date="2026-02-17T20:43:16.252" /><!-- duration: 2ms -->
      </step><!-- duration: 176ms -->
    </step><!-- duration: 199ms -->
    <step title="Outgoing response" date="2026-02-17T20:43:16.359" type="response" statusCode="202" statusText="Accepted" /><!-- duration: 5ms -->
  </step><!-- duration: 297ms -->
