<step title="BackgroundTrace" date="2026-02-17T20:18:56.085" instance="90145b" url="/api/zipdeploy" method="POST" >
  <step title="Creating temporary deployment - FetchDeploymentManager" date="2026-02-17T20:18:56.205" /><!-- duration: 2ms -->
  <step title="Creating temporary deployment" date="2026-02-17T20:18:56.212" /><!-- duration: 57ms -->
  <step title="Performing fetch based deployment" date="2026-02-17T20:18:56.311" >
    <step title="Cleaning up temp folders from previous zip deployments and extracting pushed zip file /tmp/zipdeploy/ce954e54-729f-4ede-80e4-f9a855365f25.zip (0.02 MB) to /tmp/zipdeploy/extracted" date="2026-02-17T20:18:57.454" >
      <step title="ChmodRecursive Process exited with total time taken in ms: 35" date="2026-02-17T20:18:57.511" /><!-- duration: 2ms -->
    </step><!-- duration: 62ms -->
    <step title="Deployment timer started" date="2026-02-17T20:18:59.523" >
      <step title="DeploymentManager.Deploy(id:36ac937b-cde5-42b8-a64c-b59be939b975)" date="2026-02-17T20:18:59.528" >
        <step title="Collecting changeset information" date="2026-02-17T20:18:59.538" /><!-- duration: 82ms -->
        <step title="Updating submodules" date="2026-02-17T20:18:59.624" /><!-- duration: 1098ms -->
        <step title="Determining deployment builder" date="2026-02-17T20:19:01.034" >
          <step title="Builder is OryxBuilder" date="2026-02-17T20:19:01.041" /><!-- duration: 2ms -->
        </step><!-- duration: 11ms -->
        <step title="PreDeployment: context.CleanOutputPath False" date="2026-02-17T20:19:01.092" >
          <step title="PreDeployment: context.OutputPath /home/site/wwwroot" date="2026-02-17T20:19:01.200" >
            <step title="Building" date="2026-02-17T20:19:01.324" >
              <step title="Executing external process" date="2026-02-17T20:19:02.724" type="process" path="bash" arguments="-c &quot;oryx build /tmp/zipdeploy/extracted -o /home/site/wwwroot --platform python --platform-version 3.11 -p virtualenv_name=antenv --log-file /tmp/build-debug.log  -i /tmp/8de6e61c9d88215 --compress-destination-dir | tee /tmp/oryx-build.log ; exit $PIPESTATUS &quot;" /><!-- duration: 41535ms -->
              <step title="Using PythonDeploymentLogParser" date="2026-02-17T20:19:44.689" /><!-- duration: 2ms -->
              <step title="Triggering recycle (preview mode disabled)." date="2026-02-17T20:19:45.660" /><!-- duration: 4ms -->
              <step title="Modified file to trigger a restart of the app container." date="2026-02-17T20:19:45.692" /><!-- duration: 2ms -->
              <step title="Skip function trigger and logicapp sync because function is not enabled." date="2026-02-17T20:19:45.701" /><!-- duration: 4ms -->
            </step><!-- duration: 45011ms -->
          </step><!-- duration: 45138ms -->
          <step title="Cleaning up temp files" date="2026-02-17T20:19:46.340" /><!-- duration: 85ms -->
          <step title="Cleaning up temp files" date="2026-02-17T20:19:46.430" /><!-- duration: 505ms -->
          <step title="Reloading status file with latest updates" date="2026-02-17T20:19:46.971" >
            <step title="WebHooksManager.PublishEventAsync: PostDeployment" date="2026-02-17T20:19:46.975" /><!-- duration: 40ms -->
          </step><!-- duration: 46ms -->
          <step title="Cleaning up temporary deployment - fetch deployment was successful" date="2026-02-17T20:19:47.020" /><!-- duration: 1ms -->
        </step><!-- duration: 46005ms -->
      </step><!-- duration: 47579ms -->
