<step title="Incoming Request" date="2026-02-17T20:33:05.437" instance="90145b" url="/api/zipdeploy?isAsync=true" method="POST" type="request" pid="770,1,15" Accept="*/*" Host="trmpythonback-mx.scm.azurewebsites.net" User-Agent="AZURECLI/2.79.0 (MSI)" Accept-Encoding="gzip, deflate" Authorization="Bea..." Cache-Control="no-cache" Content-Type="application/octet-stream" Content-Length="70425" x-ms-client-request-id="d2ef5057-0c3f-11f1-b306-00090faa0001" x-ms-artifact-checksum="fb83997b2121821f3de2eec8c466d7a6cddb8dbb9ac2da2287762a8a0c619380" X-ARR-LOG-ID="d2ef5057-0c3f-11f1-b306-00090faa0001" CLIENT-IP="181.49.36.50:64231" X-SITE-DEPLOYMENT-ID="trmpythonback-mx" WAS-DEFAULT-HOSTNAME="trmpythonback-mx.scm.azurewebsites.net" X-Forwarded-Proto="https" X-AppService-Proto="https" X-Forwarded-TlsVersion="1.3" X-WAWS-Unencoded-URL="/api/zipdeploy?isAsync=true" X-Client-IP="181.49.36.50" X-Client-Port="64231" >
  <step title="ZipPushDeploy" date="2026-02-17T20:33:05.636" >
    <step title="ZipDeploy. Extract zip. Remote build." date="2026-02-17T20:33:05.641" /><!-- duration: 2ms -->
    <step title="None repository commit" date="2026-02-17T20:33:05.648" >
      <step title="Commit id: 2a59f216-5519-4b28-8cb3-ed26c0afa7a4" date="2026-02-17T20:33:05.650" Message="N/A" AuthorName="N/A" AuthorEmail="N/A" /><!-- duration: 2ms -->
    </step><!-- duration: 6ms -->
    <step title="Starting PushDeployAsync" date="2026-02-17T20:33:05.656" /><!-- duration: 2ms -->
    <step title="Writing artifact to /tmp/zipdeploy/aa7dfbd7-d8b9-44e5-b4c0-8fe3d6745268.zip" date="2026-02-17T20:33:05.670" >
      <step title="Writing multipart request body to /tmp/zipdeploy/aa7dfbd7-d8b9-44e5-b4c0-8fe3d6745268.zip" date="2026-02-17T20:33:05.674" /><!-- duration: 2ms -->
    </step><!-- duration: 28ms -->
    <step title="Removing previous build artifact&apos;s manifest file" date="2026-02-17T20:33:05.703" >
      <step title="Start deployment in the background" date="2026-02-17T20:33:05.712" >
        <step title="Acquiring Deployment Lock" date="2026-02-17T20:33:05.723" /><!-- duration: 2ms -->
        <step title="Acquired Deployment Lock" date="2026-02-17T20:33:05.792" /><!-- duration: 2ms -->
      </step><!-- duration: 153ms -->
    </step><!-- duration: 168ms -->
    <step title="Outgoing response" date="2026-02-17T20:33:05.879" type="response" statusCode="202" statusText="Accepted" /><!-- duration: 4ms -->
  </step><!-- duration: 248ms -->
