<step title="BackgroundTrace" date="2026-02-17T20:43:16.160" instance="90145b" url="/api/zipdeploy" method="POST" >
  <step title="Creating temporary deployment - FetchDeploymentManager" date="2026-02-17T20:43:16.257" /><!-- duration: 3ms -->
  <step title="Creating temporary deployment" date="2026-02-17T20:43:16.264" /><!-- duration: 65ms -->
  <step title="Performing fetch based deployment" date="2026-02-17T20:43:16.381" >
    <step title="Cleaning up temp folders from previous zip deployments and extracting pushed zip file /tmp/zipdeploy/713b5c91-d131-4295-87b3-72c10de82979.zip (0.15 MB) to /tmp/zipdeploy/extracted" date="2026-02-17T20:43:17.531" >
      <step title="ChmodRecursive Process exited with total time taken in ms: 111" date="2026-02-17T20:43:17.802" /><!-- duration: 4ms -->
    </step><!-- duration: 278ms -->
    <step title="Deployment timer started" date="2026-02-17T20:43:19.819" >
      <step title="DeploymentManager.Deploy(id:dcf2bc90-3fc5-452d-be65-69966d99458b)" date="2026-02-17T20:43:19.826" >
        <step title="Collecting changeset information" date="2026-02-17T20:43:19.838" /><!-- duration: 70ms -->
        <step title="Updating submodules" date="2026-02-17T20:43:19.911" /><!-- duration: 1105ms -->
        <step title="Determining deployment builder" date="2026-02-17T20:43:21.207" >
          <step title="Builder is OryxBuilder" date="2026-02-17T20:43:21.216" /><!-- duration: 2ms -->
        </step><!-- duration: 13ms -->
        <step title="PreDeployment: context.CleanOutputPath False" date="2026-02-17T20:43:21.268" >
          <step title="PreDeployment: context.OutputPath /home/site/wwwroot" date="2026-02-17T20:43:21.371" >
            <step title="Building" date="2026-02-17T20:43:21.504" >
              <step title="Executing external process" date="2026-02-17T20:43:21.863" type="process" path="bash" arguments="-c &quot;oryx build /tmp/zipdeploy/extracted -o /home/site/wwwroot --platform python --platform-version 3.11 -p virtualenv_name=antenv --log-file /tmp/build-debug.log  -i /tmp/8de6e65302e0459 --compress-destination-dir | tee /tmp/oryx-build.log ; exit $PIPESTATUS &quot;" /><!-- duration: 35784ms -->
              <step title="Using PythonDeploymentLogParser" date="2026-02-17T20:43:58.097" /><!-- duration: 3ms -->
              <step title="Triggering recycle (preview mode disabled)." date="2026-02-17T20:43:59.269" /><!-- duration: 4ms -->
              <step title="Modified file to trigger a restart of the app container." date="2026-02-17T20:43:59.290" /><!-- duration: 2ms -->
              <step title="Skip function trigger and logicapp sync because function is not enabled." date="2026-02-17T20:43:59.300" /><!-- duration: 2ms -->
            </step><!-- duration: 38841ms -->
          </step><!-- duration: 38979ms -->
          <step title="Cleaning up temp files" date="2026-02-17T20:44:00.352" /><!-- duration: 406ms -->
          <step title="Cleaning up temp files" date="2026-02-17T20:44:00.763" /><!-- duration: 535ms -->
          <step title="Reloading status file with latest updates" date="2026-02-17T20:44:01.329" >
            <step title="WebHooksManager.PublishEventAsync: PostDeployment" date="2026-02-17T20:44:01.332" /><!-- duration: 45ms -->
          </step><!-- duration: 53ms -->
          <step title="Cleaning up temporary deployment - fetch deployment was successful" date="2026-02-17T20:44:01.387" /><!-- duration: 2ms -->
        </step><!-- duration: 40154ms -->
      </step><!-- duration: 41607ms -->
