﻿<?xml version="1.0" encoding="utf-8"?>
<deployment>
  <id>temp-8e4b065e</id>
  <author>Deploying from pushed zip file</author>
  <deployer>Push-Deployer</deployer>
  <authorEmail>N/A</authorEmail>
  <message>N/A</message>
  <progress>Fetching changes.</progress>
  <status>Pending</status>
  <statusText>Receiving changes.</statusText>
  <lastSuccessEndTime />
  <receivedTime>2026-02-17T20:51:45.6093146Z</receivedTime>
  <startTime>2026-02-17T20:51:45.6093146Z</startTime>
  <endTime />
  <complete>False</complete>
  <is_temp>True</is_temp>
  <is_readonly>False</is_readonly>
  <containerId>ecb6147b5610</containerId>
  <buildSummary />
</deployment>